id,log_file,section,op,M,K,N,rows,cols,tiles,lx,rows_per_core,cores,macs,kernel_us,pred_us,err_pct,bw_gbps,memset_us,other_dev_us,total_dev_us,io_hbm_bytes,failed,split_forced,split_actual,compute_us,base_us,turn_us,eff_underfill,pt_eff,loop_us,T_model_us
grand_sweep_20260619_061756.log:15,grand_sweep_20260619_061756.log,"P1a broadcast one-time-load (FIG1; cores=32, vary ROWS, C=16384)",bcast,,,,64,16384,0,1,,32,,31.268,40.218,28.6,135.2,56.66,304.319,392.247,4227072,False,,,,28.18,12.04,,,,40.22
grand_sweep_20260619_061756.log:27,grand_sweep_20260619_061756.log,"P1a broadcast one-time-load (FIG1; cores=32, vary ROWS, C=16384)",bcastcol,,,,64,16384,0,1,,32,,33.02,40.054,21.3,127.3,35.678,288.208,356.906,4202496,False,,,,28.02,12.04,,,,40.05
grand_sweep_20260619_061756.log:39,grand_sweep_20260619_061756.log,"P1a broadcast one-time-load (FIG1; cores=32, vary ROWS, C=16384)",add,,,,64,16384,0,1,,32,,51.316,53.981,5.2,122.6,54.938,248.666,354.92,6291456,False,,,,41.94,12.04,,,,53.98
grand_sweep_20260619_061756.log:51,grand_sweep_20260619_061756.log,"P1a broadcast one-time-load (FIG1; cores=32, vary ROWS, C=16384)",bcast,,,,128,16384,0,1,,32,,66.349,80.218,20.9,126.9,62.33,377.441,506.12,8421376,False,,,,56.14,24.08,,,,80.22
grand_sweep_20260619_061756.log:63,grand_sweep_20260619_061756.log,"P1a broadcast one-time-load (FIG1; cores=32, vary ROWS, C=16384)",bcastcol,,,,128,16384,0,1,,32,,79.32,80.109,1.0,106.0,78.439,370.815,528.574,8404992,False,,,,56.03,24.08,,,,80.11
grand_sweep_20260619_061756.log:75,grand_sweep_20260619_061756.log,"P1a broadcast one-time-load (FIG1; cores=32, vary ROWS, C=16384)",add,,,,128,16384,0,1,,32,,106.532,107.961,1.3,118.1,80.339,332.608,519.479,12582912,False,,,,83.89,24.08,,,,107.96
grand_sweep_20260619_061756.log:87,grand_sweep_20260619_061756.log,"P1a broadcast one-time-load (FIG1; cores=32, vary ROWS, C=16384)",bcast,,,,256,16384,0,1,,32,,188.082,160.217,-14.8,89.4,130.582,459.431,778.095,16809984,False,,,,112.07,48.15,,,,160.22
grand_sweep_20260619_061756.log:99,grand_sweep_20260619_061756.log,"P1a broadcast one-time-load (FIG1; cores=32, vary ROWS, C=16384)",bcastcol,,,,256,16384,0,1,,32,,148.768,160.217,7.7,113.0,137.673,461.104,747.545,16809984,False,,,,112.07,48.15,,,,160.22
grand_sweep_20260619_061756.log:111,grand_sweep_20260619_061756.log,"P1a broadcast one-time-load (FIG1; cores=32, vary ROWS, C=16384)",add,,,,256,16384,0,1,,32,,271.704,215.923,-20.5,92.6,133.439,472.626,877.769,25165824,False,,,,167.77,48.15,,,,215.92
grand_sweep_20260619_061756.log:123,grand_sweep_20260619_061756.log,"P1b BW size-sweep (FIG2 anchor; neg, rows=2048)",neg,,,,2048,1024,0,1,,-,,78.164,79.999,2.3,107.3,78.756,358.221,515.141,8388608,False,,,,55.92,24.08,,,,80.0
grand_sweep_20260619_061756.log:134,grand_sweep_20260619_061756.log,"P1b BW size-sweep (FIG2 anchor; neg, rows=2048)",neg,,,,2048,2048,0,1,,-,,158.084,159.999,1.2,106.1,129.347,492.855,780.286,16777216,False,,,,111.85,48.15,,,,160.0
grand_sweep_20260619_061756.log:145,grand_sweep_20260619_061756.log,"P1b BW size-sweep (FIG2 anchor; neg, rows=2048)",neg,,,,2048,4096,0,1,,-,,319.658,319.997,0.1,105.0,240.446,884.648,1444.752,33554432,False,,,,223.7,96.3,,,,320.0
grand_sweep_20260619_061756.log:156,grand_sweep_20260619_061756.log,"P1b BW size-sweep (FIG2 anchor; neg, rows=2048)",neg,,,,2048,8192,0,1,,-,,647.659,639.995,-1.2,103.6,416.902,2147.197,3211.758,67108864,False,,,,447.39,192.6,,,,639.99
grand_sweep_20260619_061756.log:168,grand_sweep_20260619_061756.log,P1c read/write V-shape (FIG2; turnaround),read,,,,2048,4096,0,1,,-,,110.931,115.1,3.8,153.6,22.283,16.099,149.313,17039360,False,,,,113.6,1.5,,,,115.1
grand_sweep_20260619_061756.log:179,grand_sweep_20260619_061756.log,P1c read/write V-shape (FIG2; turnaround),neg,,,,2048,4096,0,1,,-,,317.64,319.997,0.7,105.6,253.841,837.527,1409.008,33554432,False,,,,223.7,96.3,,,,320.0
grand_sweep_20260619_061756.log:191,grand_sweep_20260619_061756.log,P1c read/write V-shape (FIG2; turnaround),mul,,,,2048,4096,0,1,,-,,436.902,431.846,-1.2,115.2,257.578,847.288,1541.768,50331648,False,,,,335.54,96.3,,,,431.85
grand_sweep_20260619_061756.log:207,grand_sweep_20260619_061756.log,P1c read/write V-shape (FIG2; turnaround),add3,,,,2048,4096,0,1,,-,,587.457,543.694,-7.4,114.2,255.6,841.752,1684.809,67108864,False,,,,447.39,96.3,,,,543.69
grand_sweep_20260619_061756.log:227,grand_sweep_20260619_061756.log,P1c read/write V-shape (FIG2; turnaround),add4,,,,2048,4096,0,1,,-,,686.612,655.542,-4.5,122.2,299.286,773.561,1759.459,83886080,False,,,,559.24,96.3,,,,655.54
grand_sweep_20260619_061756.log:239,grand_sweep_20260619_061756.log,P1c read/write V-shape (FIG2; turnaround),write,,,,2048,4096,0,1,,-,,152.865,115.202,-24.6,111.5,253.467,837.401,1243.733,17047552,False,,,,113.65,1.55,,,,115.2
grand_sweep_20260619_061756.log:250,grand_sweep_20260619_061756.log,P1c read/write V-shape (FIG2; turnaround),read,,,,2048,8192,0,1,,-,,218.556,226.949,3.8,154.7,20.918,14.99,254.464,33816576,False,,,,225.44,1.5,,,,226.95
grand_sweep_20260619_061756.log:261,grand_sweep_20260619_061756.log,P1c read/write V-shape (FIG2; turnaround),neg,,,,2048,8192,0,1,,-,,648.75,639.995,-1.3,103.4,419.654,2148.685,3217.089,67108864,False,,,,447.39,192.6,,,,639.99
grand_sweep_20260619_061756.log:273,grand_sweep_20260619_061756.log,P1c read/write V-shape (FIG2; turnaround),write,,,,2048,8192,0,1,,-,,497.957,227.152,-54.4,67.9,416.638,2128.474,3043.069,33832960,False,,,,225.55,1.6,,,,227.15
grand_sweep_20260619_061756.log:285,grand_sweep_20260619_061756.log,P1d reductions (FIG2 read-only + sumcol),sumrow,,,,2048,4096,0,1,,-,,110.791,115.1,3.9,153.8,20.965,15.015,146.771,17039360,False,,,,113.6,1.5,,,,115.1
grand_sweep_20260619_061756.log:296,grand_sweep_20260619_061756.log,P1d reductions (FIG2 read-only + sumcol),sumcol,,,,2048,4096,0,1,,-,,145.173,111.95,-22.9,115.6,10.224,8.276,163.673,16785408,False,,,,111.9,0.05,,,,111.95
grand_sweep_20260619_061756.log:307,grand_sweep_20260619_061756.log,P1d reductions (FIG2 read-only + sumcol),amax,,,,2048,4096,0,1,,-,,111.39,115.1,3.3,153.0,25.621,14.99,152.001,17039360,False,,,,113.6,1.5,,,,115.1
grand_sweep_20260619_061756.log:309,grand_sweep_20260619_061756.log,"P2a coarse-tile K-sweep (ctsum, B=2048 D=512; LX off+on)",ctsum,,,,,,2,0,,,,,,,,,,,,True,,,,,,,,,
grand_sweep_20260619_061756.log:310,grand_sweep_20260619_061756.log,"P2a coarse-tile K-sweep (ctsum, B=2048 D=512; LX off+on)",ctsum,,,,,,2,1,,,,,,,,,,,,True,,,,,,,,,
grand_sweep_20260619_061756.log:311,grand_sweep_20260619_061756.log,"P2a coarse-tile K-sweep (ctsum, B=2048 D=512; LX off+on)",ctsum,,,,,,4,0,,,,,,,,,,,,True,,,,,,,,,
grand_sweep_20260619_061756.log:312,grand_sweep_20260619_061756.log,"P2a coarse-tile K-sweep (ctsum, B=2048 D=512; LX off+on)",ctsum,,,,,,4,1,,,,,,,,,,,,True,,,,,,,,,
grand_sweep_20260619_061756.log:313,grand_sweep_20260619_061756.log,"P2a coarse-tile K-sweep (ctsum, B=2048 D=512; LX off+on)",ctsum,,,,,,8,0,,,,,,,,,,,,True,,,,,,,,,
grand_sweep_20260619_061756.log:314,grand_sweep_20260619_061756.log,"P2a coarse-tile K-sweep (ctsum, B=2048 D=512; LX off+on)",ctsum,,,,,,8,1,,,,,,,,,,,,True,,,,,,,,,
grand_sweep_20260619_061756.log:315,grand_sweep_20260619_061756.log,"P2a coarse-tile K-sweep (ctsum, B=2048 D=512; LX off+on)",ctsum,,,,,,16,0,,,,,,,,,,,,True,,,,,,,,,
grand_sweep_20260619_061756.log:316,grand_sweep_20260619_061756.log,"P2a coarse-tile K-sweep (ctsum, B=2048 D=512; LX off+on)",ctsum,,,,,,16,1,,,,,,,,,,,,True,,,,,,,,,
grand_sweep_20260619_061756.log:318,grand_sweep_20260619_061756.log,"P2b coarse-tile op coverage (ctamax, ctamin; K=8)",ctamax,,,,,,8,0,,,,,,,,,,,,True,,,,,,,,,
grand_sweep_20260619_061756.log:319,grand_sweep_20260619_061756.log,"P2b coarse-tile op coverage (ctamax, ctamin; K=8)",ctamax,,,,,,8,1,,,,,,,,,,,,True,,,,,,,,,
grand_sweep_20260619_061756.log:320,grand_sweep_20260619_061756.log,"P2b coarse-tile op coverage (ctamax, ctamin; K=8)",ctamin,,,,,,8,0,,,,,,,,,,,,True,,,,,,,,,
grand_sweep_20260619_061756.log:321,grand_sweep_20260619_061756.log,"P2b coarse-tile op coverage (ctamax, ctamin; K=8)",ctamin,,,,,,8,1,,,,,,,,,,,,True,,,,,,,,,
grand_sweep_20260619_061756.log:323,grand_sweep_20260619_061756.log,"P2c coarse-tile D-sweep (ctsum K=8, LX off, B=2048)",ctsum,,,,,,8,0,,,,,,,,,,,,True,,,,,,,,,
grand_sweep_20260619_061756.log:324,grand_sweep_20260619_061756.log,"P2c coarse-tile D-sweep (ctsum K=8, LX off, B=2048)",ctsum,,,,,,8,0,,,,,,,,,,,,True,,,,,,,,,
grand_sweep_20260619_061756.log:325,grand_sweep_20260619_061756.log,"P2c coarse-tile D-sweep (ctsum K=8, LX off, B=2048)",ctsum,,,,,,8,0,,,,,,,,,,,,True,,,,,,,,,
grand_sweep_20260619_061756.log:337,grand_sweep_20260619_061756.log,P2d untiled reduction baselines (B=2048 D=512),ctsum,,,,2048,512,1,0,,-,,16.455,13.994,-15.0,127.5,11.249,6.539,34.243,2098176,False,,,,13.99,0.01,,,,13.99
grand_sweep_20260619_061756.log:348,grand_sweep_20260619_061756.log,P2d untiled reduction baselines (B=2048 D=512),ctamax,,,,2048,512,1,0,,-,,16.326,13.994,-14.3,128.5,10.376,8.279,34.981,2098176,False,,,,13.99,0.01,,,,13.99
grand_sweep_20260619_061756.log:359,grand_sweep_20260619_061756.log,P2d untiled reduction baselines (B=2048 D=512),ctamin,,,,2048,512,1,0,,-,,17.042,13.994,-17.9,123.1,11.354,6.54,34.936,2098176,False,,,,13.99,0.01,,,,13.99
grand_sweep_20260619_151132.log:22,grand_sweep_20260619_151132.log,"P2a coarse-tile K-sweep (ctsum, B=2048 D=512; LX off+on)",ctsum,,,,2048,512,2,0,,-,,18.488,14.073,-23.9,113.9,57.718,79.758,155.964,2106496,False,,,,14.04,0.03,,,0.0,14.07
grand_sweep_20260619_151132.log:41,grand_sweep_20260619_151132.log,"P2a coarse-tile K-sweep (ctsum, B=2048 D=512; LX off+on)",ctsum,,,,2048,512,2,1,,-,,17.839,14.073,-21.1,118.1,60.377,78.043,156.259,2106496,False,,,,14.04,0.03,,,0.0,14.07
grand_sweep_20260619_151132.log:60,grand_sweep_20260619_151132.log,"P2a coarse-tile K-sweep (ctsum, B=2048 D=512; LX off+on)",ctsum,,,,2048,512,4,0,,-,,19.393,14.151,-27.0,109.0,61.056,90.821,171.27,2114688,False,,,,14.1,0.05,,,0.0,14.15
grand_sweep_20260619_151132.log:79,grand_sweep_20260619_151132.log,"P2a coarse-tile K-sweep (ctsum, B=2048 D=512; LX off+on)",ctsum,,,,2048,512,4,1,,-,,19.168,14.151,-26.2,110.3,59.3,156.623,235.091,2114688,False,,,,14.1,0.05,,,0.0,14.15
grand_sweep_20260619_151132.log:98,grand_sweep_20260619_151132.log,"P2a coarse-tile K-sweep (ctsum, B=2048 D=512; LX off+on)",ctsum,,,,2048,512,8,0,,-,,22.252,14.307,-35.7,95.8,63.305,182.464,268.021,2131072,False,,,,14.21,0.1,,,0.0,14.31
grand_sweep_20260619_151132.log:117,grand_sweep_20260619_151132.log,"P2a coarse-tile K-sweep (ctsum, B=2048 D=512; LX off+on)",ctsum,,,,2048,512,8,1,,-,,22.91,14.307,-37.6,93.0,60.934,146.378,230.222,2131072,False,,,,14.21,0.1,,,0.0,14.31
grand_sweep_20260619_151132.log:136,grand_sweep_20260619_151132.log,"P2a coarse-tile K-sweep (ctsum, B=2048 D=512; LX off+on)",ctsum,,,,2048,512,16,0,,-,,30.476,14.62,-52.0,71.0,69.012,189.232,288.72,2163840,False,,,,14.43,0.19,,,0.0,14.62
grand_sweep_20260619_151132.log:155,grand_sweep_20260619_151132.log,"P2a coarse-tile K-sweep (ctsum, B=2048 D=512; LX off+on)",ctsum,,,,2048,512,16,1,,-,,30.684,14.62,-52.4,70.5,77.055,190.689,298.428,2163840,False,,,,14.43,0.19,,,0.0,14.62
grand_sweep_20260619_151132.log:175,grand_sweep_20260619_151132.log,"P2b coarse-tile op coverage (ctamax, ctamin; K=8)",ctamax,,,,2048,512,8,0,,-,,22.754,14.307,-37.1,93.7,68.737,93.414,184.905,2131072,False,,,,14.21,0.1,,,0.0,14.31
grand_sweep_20260619_151132.log:194,grand_sweep_20260619_151132.log,"P2b coarse-tile op coverage (ctamax, ctamin; K=8)",ctamax,,,,2048,512,8,1,,-,,23.023,14.307,-37.9,92.6,64.298,181.737,269.058,2131072,False,,,,14.21,0.1,,,0.0,14.31
grand_sweep_20260619_151132.log:213,grand_sweep_20260619_151132.log,"P2b coarse-tile op coverage (ctamax, ctamin; K=8)",ctamin,,,,2048,512,8,0,,-,,22.97,14.307,-37.7,92.8,62.743,173.384,259.097,2131072,False,,,,14.21,0.1,,,0.0,14.31
grand_sweep_20260619_151132.log:232,grand_sweep_20260619_151132.log,"P2b coarse-tile op coverage (ctamax, ctamin; K=8)",ctamin,,,,2048,512,8,1,,-,,23.094,14.307,-38.0,92.3,478.373,171.606,673.073,2131072,False,,,,14.21,0.1,,,0.0,14.31
grand_sweep_20260619_151132.log:252,grand_sweep_20260619_151132.log,"P2c coarse-tile D-sweep (ctsum K=8, LX off, B=2048)",ctsum,,,,2048,64,8,0,,-,,11.874,1.789,-84.9,22.4,69.427,137.94,219.241,266496,False,,,,1.78,0.01,,,0.0,1.79
grand_sweep_20260619_151132.log:271,grand_sweep_20260619_151132.log,"P2c coarse-tile D-sweep (ctsum K=8, LX off, B=2048)",ctsum,,,,2048,256,8,0,,-,,15.081,7.154,-52.6,70.7,63.554,83.858,162.493,1065600,False,,,,7.1,0.05,,,0.0,7.15
grand_sweep_20260619_151132.log:290,grand_sweep_20260619_151132.log,"P2c coarse-tile D-sweep (ctsum K=8, LX off, B=2048)",ctsum,,,,2048,1024,8,0,,-,,40.198,28.613,-28.8,106.0,57.954,169.959,268.111,4262016,False,,,,28.41,0.2,,,0.0,28.61
grand_sweep_20260619_151132.log:302,grand_sweep_20260619_151132.log,P2d untiled reduction baselines (B=2048 D=512),ctsum,,,,2048,512,1,0,,-,,16.505,13.994,-15.2,127.1,10.983,8.518,36.006,2098176,False,,,,13.99,0.01,,,,13.99
grand_sweep_20260619_151132.log:313,grand_sweep_20260619_151132.log,P2d untiled reduction baselines (B=2048 D=512),ctamax,,,,2048,512,1,0,,-,,16.963,13.994,-17.5,123.7,11.187,114.108,142.258,2098176,False,,,,13.99,0.01,,,,13.99
grand_sweep_20260619_151132.log:324,grand_sweep_20260619_151132.log,P2d untiled reduction baselines (B=2048 D=512),ctamin,,,,2048,512,1,0,,-,,15.855,13.994,-11.7,132.3,11.669,6.35,33.874,2098176,False,,,,13.99,0.01,,,,13.99
grand_sweep_20260625_195409.log:19,grand_sweep_20260625_195409.log,P3 chain LX-residency: untiled vs tiled K=8 (LX on),chain,,,,2048,4096,1,1,,-,,584.415,543.694,-7.0,114.8,213.9,896.531,1694.846,67108864,False,,,,447.39,96.3,,,,543.69
grand_sweep_20260625_195409.log:36,grand_sweep_20260625_195409.log,P3 chain LX-residency: untiled vs tiled K=8 (LX on),chain,,,,2048,4096,8,1,,-,,780.598,550.574,-29.5,86.0,268.856,1040.411,2089.865,67108864,False,,,,447.39,96.3,,,6.88,550.57
grand_sweep_20260626_155645.log:20,grand_sweep_20260626_155645.log,"P3 chain c_loop K-sweep ([2048,4096], LX on; have K=1,8)",chain,,,,2048,4096,2,1,,-,,576.497,545.414,-5.4,116.4,219.417,1080.724,1876.638,67108864,False,,,,447.39,96.3,,,1.72,545.41
grand_sweep_20260626_155645.log:37,grand_sweep_20260626_155645.log,"P3 chain c_loop K-sweep ([2048,4096], LX on; have K=1,8)",chain,,,,2048,4096,4,1,,-,,596.683,547.134,-8.3,112.5,297.831,975.24,1869.754,67108864,False,,,,447.39,96.3,,,3.44,547.13
grand_sweep_20260626_155645.log:54,grand_sweep_20260626_155645.log,"P3 chain c_loop K-sweep ([2048,4096], LX on; have K=1,8)",chain,,,,2048,4096,16,1,,-,,895.854,557.454,-37.8,74.9,311.478,1012.605,2219.937,67108864,False,,,,447.39,96.3,,,13.76,557.45
mm.log:121,mm.log,,mm,2048,2048,,2048,2048,0,1,,32,,389.013,215.923,-44.5,64.7,126.61,489.663,1005.286,25165824,False,,4x8x1,,,,,,,
mm_ksweep_20260626_170545.log:14,mm_ksweep_20260626_170545.log,,mm,2048,512,,2048,512,0,1,,32,,163.417,107.961,-33.9,77.0,126.508,485.586,775.511,12582912,False,,4x8x1,,83.89,24.08,,,,107.96
mm_ksweep_20260626_170545.log:28,mm_ksweep_20260626_170545.log,,mm,2048,1024,,2048,1024,0,1,,32,,244.138,159.999,-34.5,68.7,120.421,449.614,814.173,16777216,False,,4x8x1,,111.85,48.15,,,,160.0
mm_ksweep_20260626_170545.log:42,mm_ksweep_20260626_170545.log,,mm,2048,4096,,2048,4096,0,1,,32,,667.505,327.771,-50.9,62.8,136.693,502.874,1307.072,41943040,False,,4x8x1,,279.62,48.15,,,,327.77
mm_ksweep_20260626_170545.log:56,mm_ksweep_20260626_170545.log,,mm,2048,8192,,2048,8192,0,1,,32,,1240.73,551.467,-55.6,60.8,124.562,480.604,1845.896,75497472,False,,4x8x1,,503.32,48.15,,,,551.47
profile_sweep_20260618_180841.log:4,profile_sweep_20260618_180841.log,"A size-sweep fit (neg, gelu)",neg,,,,512,512,,,,,,8.576,,,,26.792,0.0,35.368,,False,,,,,,,,,
profile_sweep_20260618_180841.log:5,profile_sweep_20260618_180841.log,"A size-sweep fit (neg, gelu)",gelu,,,,512,512,,,,,,8.509,,,,36.799,0.0,45.308,,False,,,,,,,,,
profile_sweep_20260618_180841.log:6,profile_sweep_20260618_180841.log,"A size-sweep fit (neg, gelu)",neg,,,,512,1024,,,,,,17.534,,,,26.478,0.0,44.012,,False,,,,,,,,,
profile_sweep_20260618_180841.log:7,profile_sweep_20260618_180841.log,"A size-sweep fit (neg, gelu)",gelu,,,,512,1024,,,,,,17.116,,,,25.079,0.0,42.195,,False,,,,,,,,,
profile_sweep_20260618_180841.log:8,profile_sweep_20260618_180841.log,"A size-sweep fit (neg, gelu)",neg,,,,512,2048,,,,,,37.372,,,,41.461,0.0,78.833,,False,,,,,,,,,
profile_sweep_20260618_180841.log:9,profile_sweep_20260618_180841.log,"A size-sweep fit (neg, gelu)",gelu,,,,512,2048,,,,,,37.729,,,,38.935,0.0,76.664,,False,,,,,,,,,
profile_sweep_20260618_180841.log:10,profile_sweep_20260618_180841.log,"A size-sweep fit (neg, gelu)",neg,,,,512,4096,,,,,,80.166,,,,55.837,0.0,136.003,,False,,,,,,,,,
profile_sweep_20260618_180841.log:11,profile_sweep_20260618_180841.log,"A size-sweep fit (neg, gelu)",gelu,,,,512,4096,,,,,,80.539,,,,93.784,0.0,174.323,,False,,,,,,,,,
profile_sweep_20260618_180841.log:12,profile_sweep_20260618_180841.log,"A size-sweep fit (neg, gelu)",neg,,,,512,8192,,,,,,154.785,,,,128.455,0.0,283.24,,False,,,,,,,,,
profile_sweep_20260618_180841.log:13,profile_sweep_20260618_180841.log,"A size-sweep fit (neg, gelu)",gelu,,,,512,8192,,,,,,165.534,,,,141.489,0.0,307.023,,False,,,,,,,,,
profile_sweep_20260618_180841.log:14,profile_sweep_20260618_180841.log,"A size-sweep fit (neg, gelu)",neg,,,,512,16384,,,,,,320.568,,,,244.559,0.0,565.127,,False,,,,,,,,,
profile_sweep_20260618_180841.log:15,profile_sweep_20260618_180841.log,"A size-sweep fit (neg, gelu)",gelu,,,,512,16384,,,,,,333.63,,,,221.655,0.0,555.285,,False,,,,,,,,,
profile_sweep_20260618_192032.log:9,profile_sweep_20260618_192032.log,"A size-sweep fit (neg, gelu)",neg,,,,2048,512,,,,,,35.966,,,116.6,41.017,0.0,76.983,4194304,False,,,,,,,,,
profile_sweep_20260618_192032.log:15,profile_sweep_20260618_192032.log,"A size-sweep fit (neg, gelu)",gelu,,,,2048,512,,,,,,36.216,,,115.8,41.719,0.0,77.935,4194304,False,,,,,,,,,
profile_sweep_20260618_192032.log:21,profile_sweep_20260618_192032.log,"A size-sweep fit (neg, gelu)",neg,,,,2048,1024,,,,,,76.714,,,109.3,65.367,0.0,142.081,8388608,False,,,,,,,,,
profile_sweep_20260618_192032.log:27,profile_sweep_20260618_192032.log,"A size-sweep fit (neg, gelu)",gelu,,,,2048,1024,,,,,,77.343,,,108.5,73.088,0.0,150.431,8388608,False,,,,,,,,,
profile_sweep_20260618_192032.log:33,profile_sweep_20260618_192032.log,"A size-sweep fit (neg, gelu)",neg,,,,2048,2048,,,,,,159.091,,,105.5,115.928,0.0,275.019,16777216,False,,,,,,,,,
profile_sweep_20260618_192032.log:39,profile_sweep_20260618_192032.log,"A size-sweep fit (neg, gelu)",gelu,,,,2048,2048,,,,,,160.92,,,104.3,109.562,0.0,270.482,16777216,False,,,,,,,,,
profile_sweep_20260618_192032.log:45,profile_sweep_20260618_192032.log,"A size-sweep fit (neg, gelu)",neg,,,,2048,4096,,,,,,320.912,,,104.6,209.709,0.0,530.621,33554432,False,,,,,,,,,
profile_sweep_20260618_192032.log:51,profile_sweep_20260618_192032.log,"A size-sweep fit (neg, gelu)",gelu,,,,2048,4096,,,,,,319.188,,,105.1,218.88,0.0,538.068,33554432,False,,,,,,,,,
profile_sweep_20260618_192032.log:57,profile_sweep_20260618_192032.log,"A size-sweep fit (neg, gelu)",neg,,,,2048,8192,,,,,,645.689,,,103.9,409.659,0.0,1055.348,67108864,False,,,,,,,,,
profile_sweep_20260618_192032.log:63,profile_sweep_20260618_192032.log,"A size-sweep fit (neg, gelu)",gelu,,,,2048,8192,,,,,,650.849,,,103.1,423.131,0.0,1073.98,67108864,False,,,,,,,,,
profile_sweep_20260618_192032.log:69,profile_sweep_20260618_192032.log,"A size-sweep fit (neg, gelu)",neg,,,,2048,16384,,,,,,1307.111,,,102.7,1050.744,0.0,2357.855,134217728,False,,,,,,,,,
profile_sweep_20260618_210419.log:9,profile_sweep_20260618_210419.log,B arithmetic-free,exp,,,,2048,4096,,,,,,322.309,,,104.1,289.562,832.713,1444.584,33554432,False,,,,,,,,,
profile_sweep_20260618_210419.log:17,profile_sweep_20260618_210419.log,C traffic / stream count,mul,,,,2048,4096,,,,,,432.543,,,116.4,280.971,817.742,1531.256,50331648,False,,,,,,,,,
profile_sweep_20260618_210419.log:28,profile_sweep_20260618_210419.log,C traffic / stream count,add3,,,,2048,4096,,,,,,582.808,,,115.1,288.729,827.323,1698.86,67108864,False,,,,,,,,,
profile_sweep_20260618_210419.log:43,profile_sweep_20260618_210419.log,C traffic / stream count,add4,,,,2048,4096,,,,,,721.507,,,116.3,301.106,808.355,1830.968,83886080,False,,,,,,,,,
profile_sweep_20260618_210419.log:50,profile_sweep_20260618_210419.log,D bandwidth read/write/balanced,read,,,,2048,1024,,,,,,30.891,,,144.3,25.36,15.398,71.649,4456448,False,,,,,,,,,
profile_sweep_20260618_210419.log:56,profile_sweep_20260618_210419.log,D bandwidth read/write/balanced,read,,,,2048,4096,,,,,,111.127,,,153.3,25.736,15.135,151.998,17039360,False,,,,,,,,,
profile_sweep_20260618_210419.log:63,profile_sweep_20260618_210419.log,D bandwidth read/write/balanced,write,,,,2048,1024,,,,,,29.849,,,140.5,137.667,366.167,533.683,4194304,False,,,,,,,,,
profile_sweep_20260618_210419.log:70,profile_sweep_20260618_210419.log,D bandwidth read/write/balanced,write,,,,2048,4096,,,,,,150.345,,,111.6,296.137,789.002,1235.484,16777216,False,,,,,,,,,
profile_sweep_20260618_210419.log:76,profile_sweep_20260618_210419.log,D bandwidth read/write/balanced,neg,,,,2048,1024,,,,,,77.143,,,108.7,141.331,250.17,468.644,8388608,False,,,,,,,,,
profile_sweep_20260618_210419.log:82,profile_sweep_20260618_210419.log,D bandwidth read/write/balanced,neg,,,,2048,4096,,,,,,320.03,,,104.8,287.391,819.114,1426.535,33554432,False,,,,,,,,,
profile_sweep_20260618_210419.log:90,profile_sweep_20260618_210419.log,E broadcast (row + col),bcast,,,,2048,2048,,,,,,135.367,,,123.9,193.13,444.672,773.169,16777216,False,,,,,,,,,
profile_sweep_20260618_210419.log:97,profile_sweep_20260618_210419.log,E broadcast (row + col),bcastcol,,,,2048,2048,,,,,,137.872,,,121.7,195.657,444.807,778.336,16777216,False,,,,,,,,,
profile_sweep_20260618_210419.log:104,profile_sweep_20260618_210419.log,E broadcast (row + col),add,,,,2048,2048,,,,,,218.758,,,115.0,194.038,391.852,804.648,25165824,False,,,,,,,,,
profile_sweep_20260618_210419.log:111,profile_sweep_20260618_210419.log,F reductions,sumrow,,,,2048,1024,,,,,,30.591,,,145.7,25.061,15.134,70.786,4456448,False,,,,,,,,,
profile_sweep_20260618_210419.log:117,profile_sweep_20260618_210419.log,F reductions,sumrow,,,,2048,4096,,,,,,113.678,,,149.9,24.994,15.832,154.504,17039360,False,,,,,,,,,
profile_sweep_20260618_210419.log:123,profile_sweep_20260618_210419.log,F reductions,sumcol,,,,2048,2048,,,,,,69.465,,,120.8,11.503,6.723,87.691,8392704,False,,,,,,,,,
profile_sweep_20260618_210419.log:129,profile_sweep_20260618_210419.log,F reductions,amax,,,,2048,2048,,,,,,57.104,,,151.5,25.438,15.044,97.586,8650752,False,,,,,,,,,
profile_sweep_20260618_210419.log:135,profile_sweep_20260618_210419.log,F reductions,mean,,,,2048,2048,,,,,,57.799,,,149.7,26.822,15.107,99.728,8650752,False,,,,,,,,,
profile_sweep_20260618_210419.log:141,profile_sweep_20260618_210419.log,F reductions,sumall,,,,2048,2048,,,,,,54.052,,,155.2,11.107,6.382,71.541,8388736,False,,,,,,,,,
tiling_terms_20260629_212209.log:22,tiling_terms_20260629_212209.log,"A c_loop [8192,128] (rows/core=256/K>=16, eff=1; slope=c_loop)",chain,,,,8192,128,1,1,256,32,,73.027,67.962,-6.9,114.9,119.03,300.802,492.859,8388608,False,,,,55.92,12.04,,,,67.96
tiling_terms_20260629_212209.log:52,tiling_terms_20260629_212209.log,"A c_loop [8192,128] (rows/core=256/K>=16, eff=1; slope=c_loop)",chain,,,,8192,128,2,1,128,32,,68.456,69.682,1.8,122.5,143.02,322.779,534.255,8388608,False,,,,55.92,12.04,,,1.72,69.68
tiling_terms_20260629_212209.log:82,tiling_terms_20260629_212209.log,"A c_loop [8192,128] (rows/core=256/K>=16, eff=1; slope=c_loop)",chain,,,,8192,128,4,1,64,32,,67.094,71.402,6.4,125.0,150.098,411.612,628.804,8388608,False,,,,55.92,12.04,,,3.44,71.4
tiling_terms_20260629_212209.log:112,tiling_terms_20260629_212209.log,"A c_loop [8192,128] (rows/core=256/K>=16, eff=1; slope=c_loop)",chain,,,,8192,128,8,1,32,32,,61.91,74.842,20.9,135.5,95.893,451.377,609.18,8388608,False,,,,55.92,12.04,,,6.88,74.84
tiling_terms_20260629_212209.log:142,tiling_terms_20260629_212209.log,"A c_loop [8192,128] (rows/core=256/K>=16, eff=1; slope=c_loop)",chain,,,,8192,128,16,1,16,32,,64.5,81.722,26.7,130.1,142.932,446.76,654.192,8388608,False,,,,55.92,12.04,,,13.76,81.72
tiling_terms_20260629_212209.log:162,tiling_terms_20260629_212209.log,"B underfill [2048,4096] (rows/core=64/K, 64..1)",chain,,,,2048,4096,1,1,64,32,,585.261,543.694,-7.1,114.7,225.482,820.982,1631.725,67108864,False,,,,447.39,96.3,,,,543.69
tiling_terms_20260629_212209.log:192,tiling_terms_20260629_212209.log,"B underfill [2048,4096] (rows/core=64/K, 64..1)",chain,,,,2048,4096,2,1,32,32,,559.891,545.414,-2.6,119.9,269.253,899.148,1728.292,67108864,False,,,,447.39,96.3,,,1.72,545.41
tiling_terms_20260629_212209.log:222,tiling_terms_20260629_212209.log,"B underfill [2048,4096] (rows/core=64/K, 64..1)",chain,,,,2048,4096,4,1,16,32,,588.257,547.134,-7.0,114.1,253.49,1056.26,1898.007,67108864,False,,,,447.39,96.3,,,3.44,547.13
tiling_terms_20260629_212209.log:253,tiling_terms_20260629_212209.log,"B underfill [2048,4096] (rows/core=64/K, 64..1)",chain,,,,2048,4096,8,1,8,32,,800.309,775.779,-3.1,83.9,256.944,932.462,1989.715,67108864,False,,,,447.39,96.3,0.707,,6.88,775.78
tiling_terms_20260629_212209.log:284,tiling_terms_20260629_212209.log,"B underfill [2048,4096] (rows/core=64/K, 64..1)",chain,,,,2048,4096,16,1,4,32,,919.886,1101.147,19.7,73.0,329.454,893.599,2142.939,67108864,False,,,,447.39,96.3,0.5,,13.76,1101.15
tiling_terms_20260629_212209.log:315,tiling_terms_20260629_212209.log,"B underfill [2048,4096] (rows/core=64/K, 64..1)",chain,,,,2048,4096,32,1,2,32,,1158.233,1565.318,35.1,57.9,257.052,1047.358,2462.643,67108864,False,,,,447.39,96.3,0.354,,27.52,1565.32
tiling_terms_20260629_212209.log:346,tiling_terms_20260629_212209.log,"B underfill [2048,4096] (rows/core=64/K, 64..1)",chain,,,,2048,4096,64,1,1,32,,503.273,2229.815,343.1,133.3,346.913,1003.747,1853.933,67108864,False,,,,447.39,96.3,0.25,,55.04,2229.81
tiling_terms_20260629_212209.log:367,tiling_terms_20260629_212209.log,"C compute: M=4096 N=2048 K=2048, vary cores (k=1)",mmwd,4096,2048,2048,4096,2048,0,1,,32,17179869184,831.487,725.447,-12.8,50.4,222.401,1036.793,2090.681,41943040,False,8x4x1,8x4x1,349.53,279.62,96.3,,1.0,,725.45
tiling_terms_20260629_212209.log:387,tiling_terms_20260629_212209.log,"C compute: M=4096 N=2048 K=2048, vary cores (k=1)",mmwd,4096,2048,2048,4096,2048,0,1,,32,17179869184,809.272,725.447,-10.4,51.8,325.074,721.188,1855.534,41943040,False,4x8x1,4x8x1,349.53,279.62,96.3,,1.0,,725.45
tiling_terms_20260629_212209.log:407,tiling_terms_20260629_212209.log,"C compute: M=4096 N=2048 K=2048, vary cores (k=1)",mmwd,4096,2048,2048,4096,2048,0,1,,32,17179869184,1397.075,1074.972,-23.1,30.0,246.703,952.757,2596.535,41943040,False,8x2x1,8x2x1,699.05,279.62,96.3,,1.0,,1074.97
tiling_terms_20260629_212209.log:427,tiling_terms_20260629_212209.log,"C compute: M=4096 N=2048 K=2048, vary cores (k=1)",mmwd,4096,2048,2048,4096,2048,0,1,,32,17179869184,2122.687,1774.023,-16.4,19.8,289.59,1010.848,3423.125,41943040,False,4x2x1,4x2x1,1398.1,279.62,96.3,,1.0,,1774.02
tiling_terms_20260629_212209.log:447,tiling_terms_20260629_212209.log,"C compute: M=4096 N=2048 K=2048, vary cores (k=1)",mmwd,4096,2048,2048,4096,2048,0,1,,32,17179869184,4028.626,3172.124,-21.3,10.4,305.292,1026.289,5360.207,41943040,False,2x2x1,2x2x1,2796.2,279.62,96.3,,1.0,,3172.12
tiling_terms_20260630_055152.log:23,tiling_terms_20260630_055152.log,"C compute: M=4096 N=2048 K=2048, vary cores (k=1)",mmwd,4096,2048,2048,4096,2048,0,1,,32,17179869184,845.485,725.447,-14.2,49.6,319.554,949.547,2114.586,41943040,False,8x4x1,8x4x1,349.53,279.62,96.3,,1.0,,725.45
tiling_terms_20260630_055152.log:43,tiling_terms_20260630_055152.log,"C compute: M=4096 N=2048 K=2048, vary cores (k=1)",mmwd,4096,2048,2048,4096,2048,0,1,,32,17179869184,807.074,725.447,-10.1,52.0,220.213,1121.08,2148.367,41943040,False,4x8x1,4x8x1,349.53,279.62,96.3,,1.0,,725.45
tiling_terms_20260630_055152.log:63,tiling_terms_20260630_055152.log,"C compute: M=4096 N=2048 K=2048, vary cores (k=1)",mmwd,4096,2048,2048,4096,2048,0,1,,16,17179869184,1389.806,1074.972,-22.7,30.2,230.992,1047.518,2668.316,41943040,False,8x2x1,8x2x1,699.05,279.62,96.3,,1.0,,1074.97
tiling_terms_20260630_055152.log:83,tiling_terms_20260630_055152.log,"C compute: M=4096 N=2048 K=2048, vary cores (k=1)",mmwd,4096,2048,2048,4096,2048,0,1,,8,17179869184,2121.147,1774.023,-16.4,19.8,305.122,934.854,3361.123,41943040,False,4x2x1,4x2x1,1398.1,279.62,96.3,,1.0,,1774.02
tiling_terms_20260630_055152.log:103,tiling_terms_20260630_055152.log,"C compute: M=4096 N=2048 K=2048, vary cores (k=1)",mmwd,4096,2048,2048,4096,2048,0,1,,4,17179869184,4026.915,3172.124,-21.2,10.4,303.177,942.614,5272.706,41943040,False,2x2x1,2x2x1,2796.2,279.62,96.3,,1.0,,3172.12
tiling_terms_20260630_055152.log:119,tiling_terms_20260630_055152.log,"D hbm thin-K: M=N=2048, K=64..512 (plain mm)",mm,2048,64,2048,2048,64,0,1,,32,268435456,56.388,67.89,20.4,158.1,186.832,454.939,698.159,8912896,False,,4x8x1,5.46,59.42,3.01,,1.0,,67.89
tiling_terms_20260630_055152.log:134,tiling_terms_20260630_055152.log,"D hbm thin-K: M=N=2048, K=64..512 (plain mm)",mm,2048,128,2048,2048,128,0,1,,32,536870912,71.689,79.856,11.4,131.6,156.146,460.642,688.477,9437184,False,,4x8x1,10.92,62.91,6.02,,1.0,,79.86
tiling_terms_20260630_055152.log:149,tiling_terms_20260630_055152.log,"D hbm thin-K: M=N=2048, K=64..512 (plain mm)",mm,2048,256,2048,2048,256,0,1,,32,1073741824,97.497,103.788,6.5,107.5,197.257,445.702,740.456,10485760,False,,4x8x1,21.85,69.91,12.04,,1.0,,103.79
tiling_terms_20260630_055152.log:164,tiling_terms_20260630_055152.log,"D hbm thin-K: M=N=2048, K=64..512 (plain mm)",mm,2048,384,2048,2048,384,0,1,,32,1610612736,123.167,127.72,3.7,93.6,155.421,463.94,742.528,11534336,False,,4x8x1,32.77,76.9,18.06,,1.0,,127.72
tiling_terms_20260630_055152.log:179,tiling_terms_20260630_055152.log,"D hbm thin-K: M=N=2048, K=64..512 (plain mm)",mm,2048,512,2048,2048,512,0,1,,32,2147483648,160.205,151.652,-5.3,78.5,151.895,459.06,771.16,12582912,False,,4x8x1,43.69,83.89,24.08,,1.0,,151.65
tiling_terms_20260630_055152.log:200,tiling_terms_20260630_055152.log,"E psum: M=N=2048 K=2048, cores=32, vary k",mmwd,2048,2048,2048,2048,2048,0,1,,32,8589934592,384.492,390.685,1.6,65.5,136.473,686.342,1207.307,25165824,False,8x4x1,8x4x1,174.76,167.77,48.15,,1.0,,390.69
tiling_terms_20260630_055152.log:220,tiling_terms_20260630_055152.log,"E psum: M=N=2048 K=2048, cores=32, vary k",mmwd,2048,2048,2048,2048,2048,0,1,,32,8589934592,572.525,977.888,70.8,44.0,426.423,522.703,1521.651,25165824,False,4x4x2,4x4x2,174.76,167.77,48.15,,1.0,,977.89
tiling_terms_20260630_055152.log:240,tiling_terms_20260630_055152.log,"E psum: M=N=2048 K=2048, cores=32, vary k",mmwd,2048,2048,2048,2048,2048,0,1,,32,8589934592,735.742,2152.293,192.5,34.2,150.024,322.285,1208.051,25165824,False,4x2x4,4x2x4,174.76,167.77,48.15,,1.0,,2152.29
tiling_terms_20260630_055152.log:260,tiling_terms_20260630_055152.log,"E psum: M=N=2048 K=2048, cores=32, vary k",mmwd,2048,2048,2048,2048,2048,0,1,,32,8589934592,806.903,4501.103,457.8,31.2,201.942,617.33,1626.175,25165824,False,2x2x8,2x2x8,174.76,167.77,48.15,,1.0,,4501.1
tiling_terms_20260630_055152.log:281,tiling_terms_20260630_055152.log,"E psum vs K (psum ~ M*N, K-independent): K=4096, k=1 vs k=4",mmwd,2048,4096,2048,2048,4096,0,1,,32,17179869184,679.559,677.296,-0.3,61.7,221.564,598.788,1499.911,41943040,False,8x4x1,8x4x1,349.53,279.62,48.15,,1.0,,677.3
tiling_terms_20260630_055152.log:301,tiling_terms_20260630_055152.log,"E psum vs K (psum ~ M*N, K-independent): K=4096, k=1 vs k=4",mmwd,2048,4096,2048,2048,4096,0,1,,32,17179869184,1210.569,2438.904,101.5,34.6,238.799,629.365,2078.733,41943040,False,4x2x4,4x2x4,349.53,279.62,48.15,,1.0,,2438.9
tiling_terms_20260630_055152.log:322,tiling_terms_20260630_055152.log,"F pt_eff: M=512 N=4096 K=4096, force m (M/m=128,64,32,16)",mmwd,512,4096,4096,512,4096,0,1,,4,8589934592,2076.414,1701.797,-18.0,20.2,151.195,484.871,2712.48,41943040,False,4x1x1,4x1x1,1398.1,279.62,24.08,,1.0,,1701.8
tiling_terms_20260630_055152.log:342,tiling_terms_20260630_055152.log,"F pt_eff: M=512 N=4096 K=4096, force m (M/m=128,64,32,16)",mmwd,512,4096,4096,512,4096,0,1,,8,8589934592,1216.623,1002.746,-17.6,34.5,155.599,486.449,1858.671,41943040,False,8x1x1,8x1x1,699.05,279.62,24.08,,1.0,,1002.75
tiling_terms_20260630_055152.log:362,tiling_terms_20260630_055152.log,"F pt_eff: M=512 N=4096 K=4096, force m (M/m=128,64,32,16)",mmwd,512,4096,4096,512,4096,0,1,,16,8589934592,913.911,797.999,-12.7,45.9,131.047,268.417,1313.375,41943040,False,16x1x1,16x1x1,494.3,279.62,24.08,,0.707,,798.0
tiling_terms_20260630_055152.log:382,tiling_terms_20260630_055152.log,"F pt_eff: M=512 N=4096 K=4096, force m (M/m=128,64,32,16)",mmwd,512,4096,4096,512,4096,0,1,,32,8589934592,802.907,653.221,-18.6,52.2,184.866,524.722,1512.495,41943040,False,32x1x1,32x1x1,349.53,279.62,24.08,,0.5,,653.22
tiling_terms_20260630_055152.log:398,tiling_terms_20260630_055152.log,"G asym large (M!=N, both >=2k; K=2048; planner split)",mm,4096,2048,2048,4096,2048,0,1,,32,17179869184,799.277,725.447,-9.2,52.5,260.888,828.551,1888.716,41943040,False,,4x8x1,349.53,279.62,96.3,,1.0,,725.45
tiling_terms_20260630_055152.log:413,tiling_terms_20260630_055152.log,"G asym large (M!=N, both >=2k; K=2048; planner split)",mm,2048,2048,4096,2048,2048,0,1,,32,17179869184,769.174,725.447,-5.7,54.5,257.313,804.926,1831.413,41943040,False,,4x8x1,349.53,279.62,96.3,,1.0,,725.45
tiling_terms_20260630_055152.log:428,tiling_terms_20260630_055152.log,"G asym large (M!=N, both >=2k; K=2048; planner split)",mm,8192,2048,2048,8192,2048,0,1,,32,34359738368,1607.685,1394.97,-13.2,47.0,408.288,2104.551,4120.524,75497472,False,,4x8x1,699.05,503.32,192.6,,1.0,,1394.97
tiling_terms_20260630_055152.log:443,tiling_terms_20260630_055152.log,"G asym large (M!=N, both >=2k; K=2048; planner split)",mm,2048,2048,8192,2048,2048,0,1,,32,34359738368,1587.276,1394.97,-12.1,47.6,459.277,2004.563,4051.116,75497472,False,,4x8x1,699.05,503.32,192.6,,1.0,,1394.97
tiling_terms_20260630_055152.log:458,tiling_terms_20260630_055152.log,"G asym large (M!=N, both >=2k; K=2048; planner split)",mm,4096,2048,4096,4096,2048,0,1,,32,34359738368,1583.537,1339.046,-15.4,42.4,413.97,2143.418,4140.925,67108864,False,,4x8x1,699.05,447.39,192.6,,1.0,,1339.05
tiling_terms_20260630_055152.log:474,tiling_terms_20260630_055152.log,"H LX on/off (plain mm, LX_PLANNING 0 vs 1)",mm,2048,2048,2048,2048,2048,0,0,,32,8589934592,389.568,390.685,0.3,64.6,160.755,458.149,1008.472,25165824,False,,4x8x1,174.76,167.77,48.15,,1.0,,390.69
tiling_terms_20260630_055152.log:489,tiling_terms_20260630_055152.log,"H LX on/off (plain mm, LX_PLANNING 0 vs 1)",mm,4096,2048,2048,4096,2048,0,0,,32,17179869184,807.016,725.447,-10.1,52.0,205.163,924.969,1937.148,41943040,False,,4x8x1,349.53,279.62,96.3,,1.0,,725.45
tiling_terms_20260630_055152.log:504,tiling_terms_20260630_055152.log,"H LX on/off (plain mm, LX_PLANNING 0 vs 1)",mm,2048,4096,2048,2048,4096,0,0,,32,17179869184,665.891,677.296,1.7,63.0,173.679,478.766,1318.336,41943040,False,,4x8x1,349.53,279.62,48.15,,1.0,,677.3
tiling_terms_20260630_055152.log:519,tiling_terms_20260630_055152.log,"H LX on/off (plain mm, LX_PLANNING 0 vs 1)",mm,2048,2048,2048,2048,2048,0,1,,32,8589934592,388.117,390.685,0.7,64.8,164.416,469.855,1022.388,25165824,False,,4x8x1,174.76,167.77,48.15,,1.0,,390.69
tiling_terms_20260630_055152.log:534,tiling_terms_20260630_055152.log,"H LX on/off (plain mm, LX_PLANNING 0 vs 1)",mm,4096,2048,2048,4096,2048,0,1,,32,17179869184,809.963,725.447,-10.4,51.8,248.853,854.414,1913.23,41943040,False,,4x8x1,349.53,279.62,96.3,,1.0,,725.45
tiling_terms_20260630_055152.log:549,tiling_terms_20260630_055152.log,"H LX on/off (plain mm, LX_PLANNING 0 vs 1)",mm,2048,4096,2048,2048,4096,0,1,,32,17179869184,669.085,677.296,1.2,62.7,105.453,476.917,1251.455,41943040,False,,4x8x1,349.53,279.62,48.15,,1.0,,677.3
